date,amount bought,sku,money spent
2018-06-04,42.0,3109-INACTIVE,4714.5
2018-06-04,25.0,I-NIBS-INACTIVE,243.75
2018-06-04,154.0,35152-INACTIVE,0.0
2018-06-04,170.8,I-ASKINOSIE-MOR-INACTIVE,4270.0
2018-06-04,210.0,181237-INACTIVE,10061.099999999999
2018-06-04,8010.0,I-ALM-50#-INACTIVE,1381725.0
2018-06-04,280.0,5171786-INACTIVE,40026.0
2018-06-04,105.0,CRYSTALS-INACTIVE,14089.949999999999
2018-06-04,75.0,TAZACAFE-INACTIVE,4125.0
2018-06-04,240.0,6150-INACTIVE,0.0
2018-06-04,50.0,BW416P804,0.0
2018-06-04,190.0,NSSU155-INACTIVE,9102.9
2018-06-04,8.0,I-VAN-10#-INACTIVE,4008.0
2018-06-04,20.0,OHDHON(5gal)-INACTIVE,0.0
2018-06-04,100.0,PUMPKINSEED-INACTIVE,330.0
2018-06-04,137.0,2191-INACTIVE,28359.0
2018-06-04,522.8,QUINOAFLK25#B-O-INACTIVE,54371.2
2018-06-04,85.0,RST DCD 25LB-INACTIVE,13281.25
2018-06-04,9.9,250220-INACTIVE,245.223
2018-06-04,132.0,RW2160088-INACTIVE,0.0
2018-06-04,180.0,RW5100178-INACTIVE,10260.0
2018-06-04,18.0,990042-INACTIVE,307.62
2018-06-04,201.0,92040-INACTIVE,56754.36
2018-06-04,125.0,TAZAPURO-INACTIVE,6250.0
2018-06-04,28.0,23450-INACTIVE,1253.0
2018-06-04,419.1,20144-INACTIVE,78308.835
2018-06-04,65.0,272230-INACTIVE,0.0
2018-06-04,80.0,SORGHUM-INACTIVE,10640.0
2018-06-04,22.0,017463-20-US-INACTIVE,0.0
2018-06-04,677.0,L90D-INACTIVE,772761.65
2018-06-04,7620.0,272250-INACTIVE,0.0
2018-06-04,11.0,KOSH##-INACTIVE,54.12
2018-06-08,65.0,I-ESP-TIGER-5LB-INACTIVE,3363.75
2018-06-11,145.0,I-CHAI-NOSUGAR-INACTIVE,2064.8
2018-06-12,1960.0,WT147099CF-INACTIVE,0.0
2018-06-12,20000.0,C70G-450GGMLP-5-INACTIVE,2200.0
2018-06-12,2300.0,LABEL-3OZ-LID-INACTIVE,0.0
2018-06-12,11707.0,BULK-Label-Sequential Number-INACTIVE,0.0
2018-06-12,500.0,PL09W-INACTIVE,185.0
2018-06-12,500.0,P009-INACTIVE,0.0
2018-06-12,500.0,44W64W-INACTIVE,0.0
2018-06-12,200.0,LABEL-3OZ-PNUT-INACTIVE,32.0
2018-06-12,5000.0,203495A,0.0
2018-06-12,5000.0,AP-12PK-BOX,0.0
2018-06-12,20000.0,S-13166-INACTIVE,0.0
2018-06-12,27250.0,1012-300-001-100,0.0
2018-06-12,1300.0,LABEL-ACO-10OZ-INACTIVE,169.0
2018-06-12,3850.0,WT145501CF-INACTIVE,0.0
2018-06-12,20000.0,G10-70-450BIGSPOON01-28-INACTIVE,5400.0
2018-06-12,1650.0,WT142989CF-INACTIVE,0.0
2018-06-12,3900.0,WT119605CF-INACTIVE,663.0
2018-06-12,500.0,44W64L-INACTIVE,345.0
2018-06-12,2710.0,WT119596CF-INACTIVE,352.3
2018-06-12,3450.0,L-PCASH-10OZ-INACTIVE,586.5
2018-06-12,1650.0,WT142983CF,0.0
2018-06-12,6930.0,WT119593CF-INACTIVE,0.0
2018-06-12,5740.0,WT119601CF-INACTIVE,975.8000000000001
2018-06-12,3260.0,WT119602CF-INACTIVE,554.2
2018-06-12,3640.0,WT139740CF-INACTIVE,473.2
2018-06-12,2310.0,WT119600CF-INACTIVE,0.0
2018-06-12,4650.0,WT119604CF-INACTIVE,790.5
2018-06-12,11707.0,WT119606CF-INACTIVE,819.4900000000001
2018-06-20,176.37,BW416P804,0.0
2018-06-21,2625.0,LABEL-3OZ-PNUT-INACTIVE,420.0
2018-06-21,20.0,I-VAN-10#-INACTIVE,10020.0
2018-06-27,180.0,2191-INACTIVE,37260.0
2018-06-29,250.0,RST DCD 25LB-INACTIVE,39062.5
2018-06-29,30000.0,WT119606CF-INACTIVE,2100.0
2018-07-03,500.0,181237-INACTIVE,23955.0
2018-07-05,5.7,3109-INACTIVE,639.825
2018-07-05,321.0,WT139740CF-INACTIVE,41.730000000000004
2018-07-05,1188.0,I-ALM-50#-INACTIVE,204930.0
2018-07-05,1.88052,181237-INACTIVE,90.09571319999999
2018-07-05,1.601,990042-INACTIVE,27.36109
2018-07-05,693.0917900000001,WT119596CF-INACTIVE,90.1019327
2018-07-05,289.19539,6150-INACTIVE,0.0
2018-07-05,53.015069999999994,272250-INACTIVE,0.0
2018-07-05,0.20806,23450-INACTIVE,9.310685
2018-07-05,0.01008,WT142983CF,0.0
2018-07-05,10.3125,OHDHON(5gal)-INACTIVE,0.0
2018-07-05,5.91289,I-CHAI-NOSUGAR-INACTIVE,84.1995536
2018-07-05,25.0,5GALPAIL-INACTIVE,0.0
2018-07-05,8.5,20144-INACTIVE,1588.225
2018-07-05,25.0,PL58W-INACTIVE,41.25
2018-07-05,39.0,LABEL-3OZ-PNUT-INACTIVE,6.24
2018-07-05,328.0,WT145501CF-INACTIVE,0.0
2018-07-05,4.25,I-ESP-TIGER-5LB-INACTIVE,219.9375
2018-07-05,448.09650999999997,WT119605CF-INACTIVE,76.1764067
2018-07-05,2500.0,JAR-4OZ-INACTIVE,525.0
2018-07-11,60.0,I-NIBS-INACTIVE,585.0
2018-07-12,10.0,250220-INACTIVE,247.7
2018-07-25,4.0,250220-INACTIVE,99.08
2018-07-27,5250.0,WT147099CF-INACTIVE,0.0
2018-07-27,2100.0,WT145501CF-INACTIVE,0.0
2018-07-27,3150.0,WT119596CF-INACTIVE,409.5
2018-07-27,10.0,I-VAN-10#-INACTIVE,5010.0
2018-07-27,300.0,#560-INACTIVE,18750.0
2018-07-27,1050.0,WT119605CF-INACTIVE,178.5
2018-07-27,50.0,3109-INACTIVE,5612.5
2018-07-27,4150.0,WT119600CF-INACTIVE,0.0
2018-07-27,132.3,#070-INACTIVE,5542.0470000000005
2018-07-27,140.0,RW2160088-INACTIVE,0.0
2018-07-27,180.0,2191-INACTIVE,37260.0
2018-07-27,360.0,6150-INACTIVE,0.0
2018-07-27,300.0,RW5100178-INACTIVE,17100.0
2018-07-27,180.0,6150-INACTIVE,0.0
2018-07-27,25.0,23450-INACTIVE,1118.75
2018-07-27,1719.588,PURIS870H-INACTIVE,295700.35248
2018-08-02,10.0,250220-INACTIVE,247.7
2018-08-02,3360.0,I-ALM-50#-INACTIVE,579600.0
2018-08-02,15.0,BW416P804,0.0
2018-08-06,72.5,RST DCD 25LB-INACTIVE,11328.125
2018-08-08,30.0,I-VAN-10#-INACTIVE,15030.0
2018-08-08,165.347,35152-INACTIVE,0.0
2018-08-08,176.37,BW416P804,0.0
2018-08-08,65.0,I-ESP-TIGER-5LB-INACTIVE,3363.75
2018-08-08,304.8,20144-INACTIVE,56951.88
2018-08-08,150.0,272230-INACTIVE,0.0
2018-08-08,11.01593,250220-INACTIVE,272.8645861
2018-08-08,150.0,NSSU155-INACTIVE,7186.499999999999
2018-08-08,7170.0,272250-INACTIVE,0.0
2018-08-16,180.0,2191-INACTIVE,37260.0
2018-08-16,100.0,I-CHAI-NOSUGAR-INACTIVE,1424.0
2018-08-16,120.0,6150-INACTIVE,0.0
2018-08-16,1350.0,I-ALM-50#-INACTIVE,232875.0
2018-08-18,30.0,TAZAPURO-INACTIVE,1500.0
2018-08-18,40.0,TAZACAFE-INACTIVE,2200.0
2018-08-18,2.0,SJD0804-INACTIVE,44.2
2018-08-18,10.0,SJD1706-INACTIVE,75.4
2018-08-18,3.33735,TAZACAFE-INACTIVE,183.55425
2018-08-18,10.0,SJD2906-INACTIVE,591.0
2018-08-21,100.0,MKT-SIGN-BARS,0.0
2018-08-21,100.0,MKT-SIGN-BUTTERS,0.0
2018-08-29,79.99521,CRYSTALS-INACTIVE,10734.5572299
2018-08-29,33.15,3109-INACTIVE,3721.0874999999996
2018-08-29,120.0,6150-INACTIVE,0.0
2018-09-05,106.62512,250220-INACTIVE,2641.1042224
2018-09-05,4500.0,I-ALM-50#-INACTIVE,776250.0
2018-09-05,50000.0,S-13166-INACTIVE,0.0
2018-09-05,5262.140420000001,WT119606CF-INACTIVE,368.3498294000001
2018-09-05,0.42878,RW2160088-INACTIVE,0.0
2018-09-05,1.14354,23450-INACTIVE,51.173415
2018-09-05,38.6,92040-INACTIVE,10899.096000000001
2018-09-05,40.0,SORGHUM-INACTIVE,5320.0
2018-09-05,229.0,WT119600CF-INACTIVE,0.0
2018-09-05,148.56634,TAZACAFE-INACTIVE,8171.1487
2018-09-05,118.90369,TAZAPURO-INACTIVE,5945.1845
2018-09-05,6.0,SJD1706-INACTIVE,45.24
2018-09-05,1425.0,I-ALM-50#-INACTIVE,245812.5
2018-09-05,88.0,WT147099CF-INACTIVE,0.0
2018-09-05,1.80413,35152-INACTIVE,0.0
2018-09-05,1.70818,NSSU155-INACTIVE,81.8389038
2018-09-05,138.51674,I-ASKINOSIE-MOR-INACTIVE,3462.9184999999998
2018-09-05,3.75,I-ESP-TIGER-5LB-INACTIVE,194.0625
2018-09-05,10000.0,C70G-450GGMLP-5-INACTIVE,1100.0
2018-09-05,2.08888,PUMPKINSEED-INACTIVE,6.893304
2018-09-05,119.0,WT145501CF-INACTIVE,0.0
2018-09-05,83520.0,G10-70-450BIGSPOON01-28-INACTIVE,22550.4
2018-09-06,900.0,LABEL-HOTP-10OZ-INACTIVE,117.0
2018-09-06,1.0,MKT-SIGN-BARS,0.0
2018-09-06,1.0,MKT-SIGN-BUTTERS,0.0
2018-09-07,2449.75,I-ALM-50#-INACTIVE,422581.875
2018-09-07,5250.0,WT149184CF-INACTIVE,210.0
2018-09-07,5250.0,WT149183CF-INACTIVE,210.0
2018-09-07,110.0,CRYSTALS-INACTIVE,14760.9
2018-09-07,5250.0,WT149189CF-INACTIVE,0.0
2018-09-07,5250.0,WT149187CF-INACTIVE,210.0
2018-09-07,120.0,6150-INACTIVE,0.0
2018-09-07,5460.0,BARBOX-INACTIVE,0.0
2018-09-14,260.0,PUMPKINSEED-INACTIVE,858.0
2018-09-17,1.0,MKT-SIGN-BUTTERS,0.0
2018-09-17,1.0,MKT-SIGN-BARS,0.0
2018-09-18,4000.0,1012-300-001-100,0.0
2018-09-19,4107.4974,272250-INACTIVE,0.0
2018-09-24,4777.5,I-ALM-50#-INACTIVE,824118.75
2018-09-24,147.48375,2191-INACTIVE,30529.136249999996
2018-09-25,7350.0,WT119593CF-INACTIVE,0.0
2018-09-25,475.0,181237-INACTIVE,22757.25
2018-09-25,3150.0,WT119596CF-INACTIVE,409.5
2018-09-25,3150.0,LABEL-HOTP-10OZ-INACTIVE,409.5
2018-09-25,75.0,3109-INACTIVE,8418.75
2018-09-25,3150.0,LABEL-ACO-10OZ-INACTIVE,409.5
2018-09-25,75.0,5171786-INACTIVE,10721.25
2018-09-25,352.0,QUINOAFLK25#B-O-INACTIVE,36608.0
2018-09-25,253.6634,PUMPKINSEED-INACTIVE,837.08922
2018-09-25,250.0,NSSU155-INACTIVE,11977.5
2018-09-25,333.6,6150-INACTIVE,0.0
2018-09-25,575.0,5171786-INACTIVE,82196.25
2018-09-25,82.7076,BW416P804,0.0
2018-09-25,132.27,BW416P804,0.0
2018-09-25,60000.0,C70G-450GGMLP-5-INACTIVE,6600.0
2018-09-25,92.51625,2191-INACTIVE,19150.86375
2018-09-27,60.0,I-NIBS-INACTIVE,585.0
2018-09-28,203.2,20144-INACTIVE,37967.92
2018-09-28,40.0,I-ESP-TIGER-5LB-INACTIVE,2070.0
2018-10-02,105.0,272230-INACTIVE,0.0
2018-10-02,134.0,RST DCD 25LB-INACTIVE,20937.5
2018-10-02,1.0,I-ESP-TIGER-5LB-INACTIVE,51.75
2018-10-02,25.4,20144-INACTIVE,4745.99
2018-10-02,154.0,I-CHAI-NOSUGAR-INACTIVE,2192.96
2018-10-02,116.59024,181237-INACTIVE,5585.838398399999
2018-10-02,100.0,250220-INACTIVE,2477.0
2018-10-02,85.5,3109-INACTIVE,9597.375
2018-10-03,110.0,#070-INACTIVE,4607.9
2018-10-03,166.0,35152-INACTIVE,0.0
2018-10-03,402.0,L90D-INACTIVE,458862.9
2018-10-03,275.0,#560-INACTIVE,17187.5
2018-10-03,116.6,I-ASKINOSIE-MOR-INACTIVE,2915.0
2018-10-03,160.5,CRYSTALS-INACTIVE,21537.495
2018-10-03,37.0,I-VAN-10#-INACTIVE,18537.0
2018-10-03,147.5,TAZAPURO-INACTIVE,7375.0
2018-10-03,10.0,990042-INACTIVE,170.9
2018-10-03,10.0,SJD2906-INACTIVE,591.0
2018-10-03,160.0,TAZACAFE-INACTIVE,8800.0
2018-10-03,20.0,23450-INACTIVE,895.0
2018-10-03,1675.8,PURIS870H-INACTIVE,288170.568
2018-10-03,280.0,RW5100178-INACTIVE,15960.0
2018-10-03,81.0,RW2160088-INACTIVE,0.0
2018-10-03,1.5,SJD0804-INACTIVE,33.150000000000006
2018-10-03,14.0,SJD1706-INACTIVE,105.56
2018-10-03,57.0,92040-INACTIVE,16094.52
2018-10-08,3150.0,WT119605CF-INACTIVE,535.5
2018-10-08,3150.0,WT119593CF-INACTIVE,0.0
2018-10-08,3150.0,WT119601CF-INACTIVE,535.5
2018-10-08,2100.00369,WT139740CF-INACTIVE,273.0004797
2018-10-08,3150.00738,LABEL-HOTP-10OZ-INACTIVE,409.5009594
2018-10-08,3150.2141699999997,WT119596CF-INACTIVE,409.5278421
2018-10-08,3150.0,WT145501CF-INACTIVE,0.0
2018-10-08,3150.1632600000003,WT119604CF-INACTIVE,535.5277542000001
2018-10-08,3150.0,WT119600CF-INACTIVE,0.0
2018-10-08,3150.24278,WT147099CF-INACTIVE,0.0
2018-10-08,2100.0,L-PCASH-10OZ-INACTIVE,357.0
2018-10-08,2100.0,LABEL-ACO-10OZ-INACTIVE,273.0
2018-10-08,4200.0,272250-INACTIVE,0.0
2018-10-08,240.0,6150-INACTIVE,0.0
2018-10-08,3000.0,272250-INACTIVE,0.0
2018-10-09,75.0,3109-INACTIVE,8418.75
2018-10-09,4000.0,1012-300-001-100,0.0
2018-10-09,10.0,3109-INACTIVE,1122.5
2018-10-11,14793.0,25490-INACTIVE,1331.37
2018-10-11,14628.0,25492-INACTIVE,1316.52
2018-10-11,14400.0,25494-INACTIVE,1296.0
2018-10-11,14439.0,25488-INACTIVE,1299.51
2018-10-23,4000.0,WT149184CF-INACTIVE,160.0
2018-10-24,180.0,6150-INACTIVE,0.0
2018-10-24,1590.0,I-ALM-50#-INACTIVE,274275.0
2018-10-24,0.17695,6150-INACTIVE,0.0
2018-10-24,475.0,181237-INACTIVE,22757.25
2018-10-24,304.8,20144-INACTIVE,56951.88
2018-10-24,25.0,I-ESP-TIGER-5LB-INACTIVE,1293.75
2018-10-25,1.0,MKT-SIGN-BUTTERS,0.0
2018-10-29,5000.0,WT149184CF-INACTIVE,200.0
2018-10-29,5000.0,WT149183CF-INACTIVE,200.0
2018-10-31,5000.0,WT149187CF-INACTIVE,200.0
2018-11-01,180.0,2191-INACTIVE,37260.0
2018-11-01,300.0,6150-INACTIVE,0.0
2018-11-02,150.0,272230-INACTIVE,0.0
2018-11-02,55.0,35152-INACTIVE,0.0
2018-11-02,168.0,RW2160088-INACTIVE,0.0
2018-11-02,60.0,RW5100178-INACTIVE,3420.0
2018-11-02,66.0,#070-INACTIVE,2764.7400000000002
2018-11-02,100.0,NSSU155-INACTIVE,4791.0
2018-11-02,25.0,NSSU155-INACTIVE,1197.75
2018-11-02,25.0,NSSU155-INACTIVE,1197.75
2018-11-02,44.0,250220-INACTIVE,1089.8799999999999
2018-11-05,1184.0,WT149184CF-INACTIVE,47.36
2018-11-05,4000.0,WT149184CF-INACTIVE,160.0
2018-11-07,7062.0,WT149183CF-INACTIVE,282.48
2018-11-09,160.0,92040-INACTIVE,45177.600000000006
2018-11-13,5086.0,WT149187CF-INACTIVE,203.44
2018-11-15,4688.0,WT149183CF-INACTIVE,187.52
2018-11-19,50.0,23450-INACTIVE,2237.5
2018-11-19,29996.0,WT119606CF-INACTIVE,2099.7200000000003
2018-11-19,1476.3,I-ALM-50#-INACTIVE,254661.75
2018-11-19,401.4,20144-INACTIVE,75001.59
2018-11-19,7.4,990042-INACTIVE,126.46600000000001
2018-11-19,153.8,35152-INACTIVE,0.0
2018-11-19,660.0,6150-INACTIVE,0.0
2018-11-19,207.5,2191-INACTIVE,42952.5
2018-11-19,21.07,I-VAN-10#-INACTIVE,10556.07
2018-11-19,5494.0,272250-INACTIVE,0.0
2018-11-19,160.0,92040-INACTIVE,45177.600000000006
2018-11-20,36.0,I-NIBS-INACTIVE,351.0
2018-11-20,88.4,TAZAPURO-INACTIVE,4420.0
2018-11-20,1.0,MKT-SIGN-BARS,0.0
2018-11-20,33.2,I-ESP-TIGER-5LB-INACTIVE,1718.1000000000001
2018-11-20,134.49,I-CHAI-NOSUGAR-INACTIVE,1915.1376000000002
2018-11-20,2.0,MKT-SIGN-BUTTERS,0.0
2018-11-20,101.0,TAZACAFE-INACTIVE,5555.0
2018-11-20,298.8827,NSSU155-INACTIVE,14319.470157
2018-11-21,285.0,RST DCD 25LB-INACTIVE,44531.25
2018-11-26,70.0,I-ASKINOSIE-MOR-INACTIVE,1750.0
2018-11-26,1323.3,PURIS870H-INACTIVE,227554.668
2018-11-26,140.0,RW5100178-INACTIVE,7980.0
2018-11-26,70.0,250220-INACTIVE,1733.8999999999999
2018-11-26,79.0,250220-INACTIVE,1956.83
2018-11-26,995.0,QUINOAFLK25#B-O-INACTIVE,103480.0
2018-11-26,75.0,L90D-INACTIVE,85608.75
2018-11-26,375.0,181237-INACTIVE,17966.25
2018-11-26,405.0,5171786-INACTIVE,57894.74999999999
2018-11-26,10000.0,WT149184CF-INACTIVE,400.0
2018-11-27,1.2,SJD0804-INACTIVE,26.52
2018-11-27,130.0,272230-INACTIVE,0.0
2018-11-27,13.0,SJD1706-INACTIVE,98.02
2018-11-27,8.0,SJD2906-INACTIVE,472.8
2018-11-27,55.0,CRYSTALS-INACTIVE,7380.45
2018-11-28,10000.0,WT149183CF-INACTIVE,400.0
2018-11-28,5.0,RW2160088-INACTIVE,0.0
2018-11-28,85.0,RW2160088-INACTIVE,0.0
2018-11-28,70.0,#070-INACTIVE,2932.3
2018-11-28,85.0,PUMPKINSEED-INACTIVE,280.5
2018-11-30,10000.0,WT149187CF-INACTIVE,400.0
2018-11-30,45.0,250220-INACTIVE,1114.65
2018-11-30,275.0,181237-INACTIVE,13175.249999999998
2018-11-30,225.0,181237-INACTIVE,10779.75
2018-11-30,180.0,#560-INACTIVE,11250.0
2018-11-30,600.0,L90D-INACTIVE,684870.0
2018-11-30,75.0,NSSU155-INACTIVE,3593.2499999999995
2018-11-30,180.0,6150-INACTIVE,0.0
2018-12-03,88.54705,272230-INACTIVE,0.0
2018-12-03,42.0,CRYSTALS-INACTIVE,5635.98
2018-12-03,223.91984,QUINOAFLK25#B-O-INACTIVE,23287.66336
2018-12-03,500.0,BOX-2PK-JCB-INACTIVE,0.0
2018-12-03,10000.0,WT149184CF-INACTIVE,400.0
2018-12-03,31.19179,RW2160088-INACTIVE,0.0
2018-12-03,1325.0,I-ALM-50#-INACTIVE,228562.5
2018-12-03,47.0485,#070-INACTIVE,1970.861665
2018-12-03,23.8,I-ESP-TIGER-5LB-INACTIVE,1231.65
2018-12-03,12.814,RW5100178-INACTIVE,730.398
2018-12-03,48.884409999999995,35152-INACTIVE,0.0
2018-12-03,4.6534699999999996,I-NIBS-INACTIVE,45.371332499999994
2018-12-03,50.0,3109-INACTIVE,5612.5
2018-12-03,0.0204,SJD0804-INACTIVE,0.4508400000000001
2018-12-03,18000.0,25490-INACTIVE,1620.0
2018-12-03,22.03785,#560-INACTIVE,1377.365625
2018-12-03,6840.0,JAR-4OZ-INACTIVE,1436.3999999999999
2018-12-03,13.07325,PUMPKINSEED-INACTIVE,43.141724999999994
2018-12-05,150.0,I-ALM-50#-INACTIVE,25875.0
2018-12-06,5100.0,272250-INACTIVE,0.0
2018-12-06,15000.0,25488-INACTIVE,1350.0
2018-12-06,2100.0,272250-INACTIVE,0.0
2018-12-12,1000.0,I-ALM-50#-INACTIVE,172500.0
2018-12-12,100.0,I-ALM-50#-INACTIVE,17250.0
2018-12-12,200.0,I-ALM-50#-INACTIVE,34500.0
2018-12-13,360.0,6150-INACTIVE,0.0
2018-12-13,20.0,I-VAN-10#-INACTIVE,10020.0
2018-12-14,1376.0,I-ALM-50#-INACTIVE,237360.0
2018-12-17,300.0,2191-INACTIVE,62100.0
2018-12-17,580.0,I-ALM-50#-INACTIVE,100050.0
2018-12-18,55.0,I-ESP-TIGER-5LB-INACTIVE,2846.25
2018-12-18,10.0,I-ESP-TIGER-5LB-INACTIVE,517.5
2018-12-18,604.0,I-ALM-50#-INACTIVE,104190.0
2018-12-19,100.0,I-CHAI-NOSUGAR-INACTIVE,1424.0
2018-12-19,1750.0,I-ALM-50#-INACTIVE,301875.0
2018-12-19,304.8,20144-INACTIVE,56951.88
2018-12-21,1.0,MKT-SIGN-BARS,0.0
2018-12-21,4.0,MKT-SIGN-BARS,0.0
2018-12-21,3.0,MKT-SIGN-BARS,0.0
2018-12-27,180.0,6150-INACTIVE,0.0
2018-12-28,132.0,#070-INACTIVE,5529.4800000000005
2018-12-28,50.0,#560-INACTIVE,3125.0
2018-12-28,6000.0,I-ORG-PNUTS-30#-INACTIVE,351000.0
2018-12-28,300.0,RW5100178-INACTIVE,17100.0
2018-12-28,168.0,RW2160088-INACTIVE,0.0
2018-12-28,4740.0,I-ALM-50#-INACTIVE,817650.0
2019-01-03,1.0,W-TW-PNUT,0.0
2019-01-03,50.0,NSSU155-INACTIVE,2395.5
2019-01-03,25.0,NSSU155-INACTIVE,1197.75
2019-01-03,75.0,NSSU155-INACTIVE,3593.2499999999995
2019-01-03,1.0,W-TU-PNUT,0.0
2019-01-03,12.0,990042-INACTIVE,205.07999999999998
2019-01-03,44.0,250220-INACTIVE,1089.8799999999999
2019-01-04,1100.0,I-ALM-50#-INACTIVE,189750.0
2019-01-07,25000.0,25494-INACTIVE,2250.0
2019-01-08,1000.0,MKT-SIGN-BARS,0.0
2019-01-08,10000.0,BARBOX-INACTIVE,0.0
2019-01-08,12.0,MKT-SIGN-BIGPRAISE,0.0
2019-01-08,1000.0,MKT-SIGN-BUTTERS,0.0
2019-01-08,70.0,MKT-SIGN-LOGO-TIN,0.0
2019-01-08,4.0,MKT-SIGN-LOGO-TIN,0.0
2019-01-09,30.0,I-VAN-10#-INACTIVE,15030.0
2019-01-11,10000.0,WT149184CF-INACTIVE,400.0
2019-01-14,82.5,CRYSTALS-INACTIVE,11070.675
2019-01-14,175.0,TAZAPURO-INACTIVE,8750.0
2019-01-14,420.2085,BARBOX-INACTIVE,0.0
2019-01-14,450.0,272230-INACTIVE,0.0
2019-01-14,175.0,TAZACAFE-INACTIVE,9625.0
2019-01-14,120.0,6150-INACTIVE,0.0
2019-01-14,450.0,KOSH##-INACTIVE,2214.0
2019-01-15,4.0,MKT-SIGN-LOGO-TIN,0.0
2019-01-15,47.18889,PL09W-INACTIVE,17.4598893
2019-01-15,47.18889,P009-INACTIVE,0.0
2019-01-16,10000.0,WT149183CF-INACTIVE,400.0
2019-01-17,500.0,5171786-INACTIVE,71475.0
2019-01-17,360.0,2191-INACTIVE,74520.0
2019-01-17,10000.0,25492-INACTIVE,900.0
2019-01-17,10000.0,WT149187CF-INACTIVE,400.0
2019-01-18,18.0,3109-INACTIVE,2020.5
2019-01-21,1.0,MKT-SIGN-BARS,0.0
2019-01-23,25.0,3109-INACTIVE,2806.25
2019-01-23,25.0,3109-INACTIVE,2806.25
2019-01-24,25.0,3109-INACTIVE,2806.25
2019-01-28,300.0,6150-INACTIVE,0.0
2019-02-04,53.0,PUMPKINSEED-INACTIVE,174.89999999999998
2019-02-04,10000.0,WT149183CF-INACTIVE,400.0
2019-02-07,480.0,272250-INACTIVE,0.0
2019-02-08,420.0,272250-INACTIVE,0.0
2019-02-11,1.0,MKT-SIGN-BUTTERS,0.0
2019-02-11,260.0,181237-INACTIVE,12456.599999999999
2019-02-12,5000.0,I-ALM-50#-INACTIVE,862500.0
2019-02-13,50.0,P009-INACTIVE,0.0
2019-02-13,50.0,PL09W-INACTIVE,18.5
2019-02-20,5000.0,WT149184CF-INACTIVE,200.0
2019-02-20,300.0,272250-INACTIVE,0.0
2019-02-21,44.0,250220-INACTIVE,1089.8799999999999
2019-02-22,60.0,I-NIBS-INACTIVE,585.0
2019-02-22,5250.0,WT119600CF-INACTIVE,0.0
2019-02-22,4200.0,WT145501CF-INACTIVE,0.0
2019-02-22,4200.0,WT119605CF-INACTIVE,714.0
2019-02-22,10000.0,S-13166-INACTIVE,0.0
2019-02-22,360.0,6150-INACTIVE,0.0
2019-02-22,180.0,6150-INACTIVE,0.0
2019-02-22,5250.0,WT119593CF-INACTIVE,0.0
2019-02-22,6300.0,WT119596CF-INACTIVE,819.0
2019-02-22,6300.0,WT119601CF-INACTIVE,1071.0
2019-02-22,5070.0,PURIS870H-INACTIVE,871837.2000000001
2019-02-22,150.0,NSSU155-INACTIVE,7186.499999999999
2019-02-22,40.0,92040-INACTIVE,11294.400000000001
2019-02-22,5.0,I-VAN-10#-INACTIVE,2505.0
2019-02-22,25.0,I-VAN-10#-INACTIVE,12525.0
2019-02-22,200.0,92040-INACTIVE,56472.0
2019-02-25,175.0,181237-INACTIVE,8384.25
2019-02-25,250.0,181237-INACTIVE,11977.5
2019-02-27,30000.0,WT119606CF-INACTIVE,2100.0
2019-02-27,1.0,MKT-SIGN-BUTTERS,0.0
2019-02-27,15000.0,25488-INACTIVE,1350.0
2019-03-06,1.0,FEE,0.0
2019-03-08,132.0,I-ASKINOSIE-MOR-INACTIVE,3300.0
2019-03-08,871.2,QUINOAFLK25#B-O-INACTIVE,90604.8
2019-03-08,180.0,6150-INACTIVE,0.0
2019-03-13,25.0,PUMPKINSEED-INACTIVE,82.5
2019-03-13,20000.0,25490-INACTIVE,1800.0
2019-03-15,25.0,PUMPKINSEED-INACTIVE,82.5
2019-03-15,6.0,250220-INACTIVE,148.62
2019-03-15,18.0,250220-INACTIVE,445.86
2019-03-18,1.0,MKT-SIGN-BUTTERS,0.0
2019-03-19,15000.0,25492-INACTIVE,1350.0
2019-03-19,100.0,L90D-INACTIVE,114145.0
2019-03-20,100.0,PL09W-INACTIVE,37.0
2019-03-20,100.0,P009-INACTIVE,0.0
2019-03-20,60000.0,C70G-450GGMLP-5-INACTIVE,6600.0
2019-03-25,15.5,20144-INACTIVE,2896.1749999999997
2019-03-25,15.0,20144-INACTIVE,2802.75
2019-03-27,15.0,250220-INACTIVE,371.55
2019-03-28,50.0,#560-INACTIVE,3125.0
2019-03-28,360.0,6150-INACTIVE,0.0
2019-03-28,260.0,PUMPKINSEED-INACTIVE,858.0
2019-03-28,280.0,RW2550071-INACTIVE,11760.0
2019-03-28,127.0,20144-INACTIVE,23729.95
2019-03-28,25.4,20144-INACTIVE,4745.99
2019-03-28,40.0,I-ESP-TIGER-5LB-INACTIVE,2070.0
2019-03-28,221.0,#070-INACTIVE,9257.69
2019-03-28,10.0,I-ESP-TIGER-5LB-INACTIVE,517.5
2019-03-28,5880.0,I-ORG-PNUTS-30#-INACTIVE,343980.0
2019-03-28,5000.0,I-ALM-50#-INACTIVE,862500.0
2019-03-28,15.0,I-ESP-TIGER-5LB-INACTIVE,776.25
2019-03-28,40.0,250220-INACTIVE,990.8
2019-03-28,100.0,L90D-INACTIVE,114145.0
2019-03-28,250.0,181237-INACTIVE,11977.5
2019-04-03,10000.0,WT149187CF-INACTIVE,400.0
2019-04-05,480.0,6150-INACTIVE,0.0
2019-04-05,25000.0,S-13166-INACTIVE,0.0
2019-04-09,1.0,MKT-SIGN-BARS,0.0
2019-04-10,600.0,L90D-INACTIVE,684870.0
2019-04-10,220.0,#070-INACTIVE,9215.8
2019-04-10,75.0,NSSU155-INACTIVE,3593.2499999999995
2019-04-10,75.0,181237-INACTIVE,3593.2499999999995
2019-04-10,253.0,181237-INACTIVE,12121.23
2019-04-10,280.0,RW2160088-INACTIVE,0.0
2019-04-10,88.0,250220-INACTIVE,2179.7599999999998
2019-04-15,10000.0,WT149184CF-INACTIVE,400.0
2019-04-16,30.0,I-VAN-10#-INACTIVE,15030.0
2019-04-16,400.0,#560-INACTIVE,25000.0
2019-04-16,160.0,RW5100178-INACTIVE,9120.0
2019-04-24,720.0,6150-INACTIVE,0.0
2019-04-24,2000.0,LABEL-3OZ-LID-INACTIVE,0.0
2019-04-25,50.0,181237-INACTIVE,2395.5
2019-04-25,360.0,2191-INACTIVE,74520.0
2019-04-25,450.0,181237-INACTIVE,21559.5
2019-04-25,100.0,I-CHAI-NOSUGAR-INACTIVE,1424.0
2019-04-25,225.0,PL09W-INACTIVE,83.25
2019-04-25,225.0,P009-INACTIVE,0.0
2019-04-26,11600.0,25488-INACTIVE,1044.0
2019-04-26,1.0,MKT-SIGN-BUTTERS,0.0
2019-05-03,0.2,SJD0804-INACTIVE,4.420000000000001
2019-05-07,6090.0,25490-INACTIVE,548.1
2019-05-07,250.0,RST DCD 25LB-INACTIVE,39062.5
2019-05-07,82.5,CRYSTALS-INACTIVE,11070.675
2019-05-07,304.8,20144-INACTIVE,56951.88
2019-05-07,1029.6,QUINOAFLK25#B-O-INACTIVE,107078.4
2019-05-10,50.0,250220-INACTIVE,1238.5
2019-05-14,120.0,6150-INACTIVE,0.0
2019-05-14,120.0,6150-INACTIVE,0.0
2019-05-14,10000.0,WT149183CF-INACTIVE,400.0
2019-05-15,6300.0,I-ORG-PNUTS-30#-INACTIVE,368550.0
2019-05-16,132.0,250220-INACTIVE,3269.64
2019-05-16,225.0,181237-INACTIVE,10779.75
2019-05-16,25.0,23450-INACTIVE,1118.75
2019-05-16,225.0,181237-INACTIVE,10779.75
2019-05-16,25.0,SJD1706-INACTIVE,188.5
2019-05-16,10000.0,25494-INACTIVE,900.0
2019-05-16,300.0,6150-INACTIVE,0.0
2019-05-16,720.0,6150-INACTIVE,0.0
2019-05-16,25.0,SJD1706-INACTIVE,188.5
2019-05-16,7.0,SJD0804-INACTIVE,154.70000000000002
2019-05-16,75.0,NSSU155-INACTIVE,3593.2499999999995
2019-05-16,25.0,SJD2906-INACTIVE,1477.5
2019-05-16,75.0,NSSU155-INACTIVE,3593.2499999999995
2019-05-16,12.0,990042-INACTIVE,205.07999999999998
2019-05-18,15000.0,25492-INACTIVE,1350.0
2019-05-24,25.0,TAZACAFE-INACTIVE,1375.0
2019-05-24,32.0,TAZAPURO-INACTIVE,1600.0
2019-05-28,200.0,250220-INACTIVE,4954.0
2019-05-28,7000.0,BARBOX-INACTIVE,0.0
2019-05-28,17000.0,25490-INACTIVE,1530.0
2019-05-28,1000.0,BOX-2PK-JCB-INACTIVE,0.0
2019-05-30,5000.0,I-ALM-50#-INACTIVE,862500.0
2019-05-30,100.0,L90D-INACTIVE,114145.0
2019-05-30,16900.0,25488-INACTIVE,1521.0
2019-05-30,20.0,I-ESP-TIGER-5LB-INACTIVE,1035.0
2019-05-30,35.0,I-ESP-TIGER-5LB-INACTIVE,1811.25
2019-05-30,100.0,I-CHAI-NOSUGAR-INACTIVE,1424.0
2019-05-30,500.0,181237-INACTIVE,23955.0
2019-05-30,480.0,6150-INACTIVE,0.0
2019-05-30,43.0,250220-INACTIVE,1065.11
2019-05-30,320.0,RW5100178-INACTIVE,18240.0
2019-05-30,150.0,5171786-INACTIVE,21442.5
2019-05-30,350.0,5171786-INACTIVE,50032.49999999999
2019-05-30,500.0,272230-INACTIVE,0.0
2019-06-01,178.2,TAZACAFE-INACTIVE,9801.0
2019-06-01,175.0,TAZAPURO-INACTIVE,8750.0
2019-06-05,30000.0,WT119606CF-INACTIVE,2100.0
2019-06-10,100.0,L90D-INACTIVE,114145.0
2019-06-10,10000.0,WT149189CF-INACTIVE,0.0
2019-06-10,10000.0,25494-INACTIVE,900.0
2019-06-12,175.0,TAZACAFE-INACTIVE,9625.0
2019-06-12,20000.0,S-13166-INACTIVE,0.0
2019-06-12,4000.0,WT119604CF-INACTIVE,680.0
2019-06-12,175.0,TAZAPURO-INACTIVE,8750.0
2019-06-12,7350.0,I-ORG-PNUTS-30#-INACTIVE,429975.0
2019-06-13,20000.0,G10-70-450BIGSPOON01-28-INACTIVE,5400.0
2019-06-13,720.0,6150-INACTIVE,0.0
2019-06-13,360.0,2191-INACTIVE,74520.0
2019-06-13,600.0,6150-INACTIVE,0.0
2019-06-13,132.0,I-ASKINOSIE-MOR-INACTIVE,3300.0
2019-06-20,200.0,L90D-INACTIVE,228290.0
2019-06-29,6.0,I-NIBS-INACTIVE,58.5
2019-06-29,375.0,181237-INACTIVE,17966.25
2019-07-01,138.0,RW2550071-INACTIVE,5796.0
2019-07-01,50.0,NSSU155-INACTIVE,2395.5
2019-07-01,12.0,990042-INACTIVE,205.07999999999998
2019-07-01,88.0,250220-INACTIVE,2179.7599999999998
2019-07-01,600.0,6150-INACTIVE,0.0
2019-07-09,13000.0,25494-INACTIVE,1170.0
2019-07-09,200.0,PUMPKINSEED-INACTIVE,660.0
2019-07-09,600.0,L90D-INACTIVE,684870.0
2019-07-09,42.0,I-NIBS-INACTIVE,409.5
2019-07-10,265.0,181237-INACTIVE,12696.15
2019-07-10,1029.6,QUINOAFLK25#B-O-INACTIVE,107078.4
2019-07-16,2100.0,WT154680CF-INACTIVE,357.0
2019-07-16,10080.0,Jar-13 oz 70/450-INACTIVE,2822.4
2019-07-16,4200.0,WT154684CF-INACTIVE,714.0
2019-07-16,4200.0,WT154683CF-INACTIVE,714.0
2019-07-16,1575.0,WT154682CF-INACTIVE,267.75
2019-07-16,5200.0,WT154681CF-INACTIVE,884.0000000000001
2019-07-16,50.0,I-ESP-GGET-5lb-INACTIVE,2162.5
2019-07-16,3150.0,WT154673CF-INACTIVE,0.0
2019-07-16,3150.0,WT154679CF-INACTIVE,535.5
2019-07-16,12000.0,25490-INACTIVE,1080.0
2019-07-16,5000.0,I-ALM-50#-INACTIVE,862500.0
2019-07-16,3150.0,WT154678CF-INACTIVE,535.5
2019-07-16,2100.0,WT154674CF-INACTIVE,357.0
2019-07-16,1575.0,WT154676CF-INACTIVE,267.75
2019-07-16,4200.0,WT154677CF-INACTIVE,714.0
2019-07-17,44.0,250220-INACTIVE,1089.8799999999999
2019-07-17,82.5,CRYSTALS-INACTIVE,11070.675
2019-07-17,350.0,181237-INACTIVE,16768.5
2019-07-17,500.0,5171786-INACTIVE,71475.0
2019-07-17,125.0,NSSU155-INACTIVE,5988.75
2019-07-17,25.0,181237-INACTIVE,1197.75
2019-07-17,300.0,6150-INACTIVE,0.0
2019-07-17,75.0,3109-INACTIVE,8418.75
2019-07-18,220.0,#070-INACTIVE,9215.8
2019-07-18,10000.0,25488-INACTIVE,900.0
2019-07-18,5880.0,I-ORG-PNUTS-30#-INACTIVE,343980.0
2019-07-29,4000.0,BARBOX-INACTIVE,0.0
2019-07-29,10000.0,25492-INACTIVE,900.0
2019-07-30,304.8,20144-INACTIVE,56951.88
2019-08-01,1000.0,WT156083CF-INACTIVE,160.0
2019-08-01,50.0,RW2550071-INACTIVE,2100.0
2019-08-01,10.0,I-VAN-10#-INACTIVE,5010.0
2019-08-06,75.0,NSSU155-INACTIVE,3593.2499999999995
2019-08-06,336.0,RW2550071-INACTIVE,14112.0
2019-08-06,160.0,RW5100178-INACTIVE,9120.0
2019-08-06,125.0,181237-INACTIVE,5988.75
2019-08-06,250.0,181237-INACTIVE,11977.5
2019-08-06,100.0,3109-INACTIVE,11225.0
2019-08-06,470.0,KOSH##-INACTIVE,2312.4
2019-08-06,24.0,990042-INACTIVE,410.15999999999997
2019-08-06,600.0,6150-INACTIVE,0.0
2019-08-06,44.0,250220-INACTIVE,1089.8799999999999
2019-08-06,400.0,#560-INACTIVE,25000.0
2019-08-07,5000.0,LABEL-CHAI-3OZ-INACTIVE,800.0
2019-08-07,5000.0,LABEL-CHAI-3OZ-INACTIVE,800.0
2019-08-07,60000.0,S-13166-INACTIVE,0.0
2019-08-08,1000.0,LABEL-VPACK-NB-3OZ-INACTIVE,440.0
2019-08-08,2000.0,BOX-2PK-4PK-INACTIVE,0.0
2019-08-16,1000.0,LABEL-1PACK-AGIN-INACTIVE,130.0
2019-08-16,1000.0,LABEL-1PACK-ACT-INACTIVE,130.0
2019-08-16,1000.0,LABEL-1PACK-PPEC-INACTIVE,130.0
2019-08-16,1000.0,LABEL-2PACK-ACT-INACTIVE,130.0
2019-08-16,1000.0,LABEL-2PACK-AGIN-INACTIVE,130.0
2019-08-16,1000.0,LABEL-2PACK-ALM-INACTIVE,130.0
2019-08-16,1000.0,LABEL-1PACK-PNUT-INACTIVE,130.0
2019-08-16,1000.0,LABEL-1PACK-MPC-INACTIVE,130.0
2019-08-16,1000.0,LABEL-2PACK-CHAI-INACTIVE,130.0
2019-08-16,1000.0,LABEL-2PACK-HOT-INACTIVE,130.0
2019-08-16,1000.0,LABEL-2PACK-MPC-INACTIVE,130.0
2019-08-16,1000.0,LABEL-2PACK-PNUT-INACTIVE,130.0
2019-08-16,1000.0,LABEL-2PACK-PPEC-INACTIVE,130.0
2019-08-16,1000.0,LABEL-1PACK-HOT-INACTIVE,130.0
2019-08-16,1000.0,LABEL-1PACK-CHAI-INACTIVE,130.0
2019-08-16,1000.0,LABEL-1PACK-ALM-INACTIVE,130.0
2019-08-20,180.0,23012-INACTIVE,28080.0
2019-08-20,180.0,23012-INACTIVE,28080.0
2019-08-20,11000.0,25488-INACTIVE,990.0
2019-08-20,30000.0,WT119606CF-INACTIVE,2100.0
2019-08-20,1000.0,LABEL-MPC-3OZ-INACTIVE,160.0
2019-08-20,500.0,272230-INACTIVE,0.0
2019-08-20,11574.0,Jar-13 oz 70/450-INACTIVE,3240.7200000000003
2019-08-20,19800.0,25494-INACTIVE,1782.0
2019-08-20,360.0,2191-INACTIVE,74520.0
2019-08-20,15000.0,WT149184CF-INACTIVE,600.0
2019-08-20,180.0,6150-INACTIVE,0.0
2019-08-20,180.0,6150-INACTIVE,0.0
2019-08-20,16500.0,25490-INACTIVE,1485.0
2019-08-20,16500.0,25492-INACTIVE,1485.0
2019-08-21,6300.0,I-ORG-PNUTS-30#-INACTIVE,368550.0
2019-08-22,550.0,I-ORG-CASHEW-INACTIVE,2420.0
2019-09-03,4950.0,I-ALM-50#-INACTIVE,853875.0
2019-09-04,30.0,I-VAN-10#-INACTIVE,15030.0
2019-09-04,175.0,181237-INACTIVE,8384.25
2019-09-05,500.0,I-ALM-50#-INACTIVE,86250.0
2019-09-05,100.0,L90D-INACTIVE,114145.0
2019-09-09,14.87638,NSSU155-INACTIVE,712.7273657999999
2019-09-09,9.76984,NSSU155-INACTIVE,468.0730344
2019-09-12,4.0,NSSU155-INACTIVE,191.64
2019-09-12,1.0,NSSU155-INACTIVE,47.91
2019-09-12,0.8,181237-INACTIVE,38.327999999999996
2019-09-12,0.9524,KOSH##-INACTIVE,4.685808
2019-09-12,18.035999999999998,181237-INACTIVE,864.1047599999998
2019-09-12,4.0,990042-INACTIVE,68.36
2019-09-12,12.0,3109-INACTIVE,1347.0
2019-09-12,2.0,181237-INACTIVE,95.82
2019-09-12,1.8077599999999998,CRYSTALS-INACTIVE,242.58331439999998
2019-09-12,180.0,I-ALM-50#-INACTIVE,31050.0
2019-09-12,4.2986699999999995,181237-INACTIVE,205.94927969999998
2019-09-13,409.87612,BARBOX-INACTIVE,0.0
2019-09-13,346.78654,181237-INACTIVE,16614.543131399998
2019-09-13,14.0,181237-INACTIVE,670.74
2019-09-13,2.8,I-DRIED-HABANERO-1OZ-INACTIVE,0.0
2019-09-13,2.8,I-DRIED-HABANERO-1OZ-INACTIVE,0.0
2019-09-13,2.1,I-DRIED-GHOST-1OZ-INACTIVE,0.0
2019-09-13,2.1,I-DRIED-GHOST-1OZ-INACTIVE,0.0
2019-09-13,1.6,I-CAROLINA-REAPER-1OZ-INACTIVE,0.0
2019-09-13,1.6,I-CAROLINA-REAPER-1OZ-INACTIVE,0.0
2019-09-17,11.91245,L90D-INACTIVE,13597.4660525
2019-09-17,848.3330000000001,BARBOX-INACTIVE,0.0
2019-09-17,37.5,181237-INACTIVE,1796.6249999999998
2019-09-17,28.71095,181237-INACTIVE,1375.5416145
2019-09-18,3.83394,2191-INACTIVE,793.62558
2019-09-18,18.0,L90D-INACTIVE,20546.100000000002
2019-09-18,12.0,L90D-INACTIVE,13697.400000000001
2019-09-18,50.0,RW5100178-INACTIVE,2850.0
2019-09-19,100.0,NSSU155-INACTIVE,4791.0
2019-09-19,360.0,6150-INACTIVE,0.0
2019-09-19,24.0,L90D-INACTIVE,27394.800000000003
2019-09-19,100.0,I-CHAI-NOSUGAR-INACTIVE,1424.0
2019-09-19,24.0,NSSU155-INACTIVE,1149.84
2019-09-20,24.3,TAZAPURO-INACTIVE,1215.0
2019-09-20,1450.0,QUINOAFLK25#B-O-INACTIVE,150800.0
2019-09-23,3.91535,I-ESP-GGET-5lb-INACTIVE,169.3388875
2019-09-23,90.19457,CRYSTALS-INACTIVE,12103.209348299999
2019-09-23,53.7872,#070-INACTIVE,2253.1458079999998
2019-09-23,13.125,TAZACAFE-INACTIVE,721.875
2019-09-24,24.0,990042-INACTIVE,410.15999999999997
2019-09-24,4.05,TAZAPURO-INACTIVE,202.5
2019-09-24,13.125,TAZACAFE-INACTIVE,721.875
2019-09-24,53.0,L90D-INACTIVE,60496.850000000006
2019-09-24,13.2,345037P-INACTIVE,0.0
2019-09-25,132.27700000000002,I-ASKINOSIE-MOR-INACTIVE,3306.925
2019-09-26,17.0,92040-INACTIVE,4800.12
2019-09-26,1.40765,92040-INACTIVE,397.46405400000003
2019-09-26,59.476780000000005,PL09W-INACTIVE,22.0064086
2019-09-26,6.02308,23450-INACTIVE,269.53283
2019-09-26,59.476780000000005,P009-INACTIVE,0.0
2019-09-26,84.0,2191-INACTIVE,17388.0
2019-09-30,10.0,I-NIBS-INACTIVE,97.5
2019-09-30,13.227,TAZACAFE-INACTIVE,727.485
2019-09-30,500.0,I-ORG-CASHEW-INACTIVE,2200.0
2019-09-30,600.0,L90D-INACTIVE,684870.0
2019-10-01,14.29703,250220-INACTIVE,354.13743309999995
2019-10-01,999.84454,BARBOX-INACTIVE,0.0
2019-10-01,304.8,20144-INACTIVE,56951.88
2019-10-03,200.0,92040-INACTIVE,56472.0
2019-10-03,360.0,23012-INACTIVE,56160.0
2019-10-04,3.0,2191-INACTIVE,621.0
2019-10-07,10.0,I-NIBS-INACTIVE,97.5
2019-10-07,20.0,SJD2906-INACTIVE,1182.0
2019-10-07,33.0,345037P-INACTIVE,0.0
2019-10-07,75.0,23450-INACTIVE,3356.25
2019-10-08,40.0,I-ESP-GGET-5lb-INACTIVE,1730.0
2019-10-08,9950.499679999999,Jar-13 oz 70/450-INACTIVE,2786.1399104
2019-10-09,148.87513,I-ALM-50#-INACTIVE,25680.959925000003
2019-10-09,5000.0,I-ALM-50#-INACTIVE,862500.0
2019-10-09,79.3664,TAZACAFE-INACTIVE,4365.152
2019-10-09,4160.0,I-ORG-PNUTS-30#-INACTIVE,243360.0
2019-10-09,2080.0,I-ORG-PNUTS-30#-INACTIVE,121680.0
2019-10-09,100.0,92040-INACTIVE,28236.0
2019-10-09,79.99999,I-ORG-PNUTS-30#-INACTIVE,4679.999415
2019-10-10,13.7,2191-INACTIVE,2835.8999999999996
2019-10-10,27.24,250220-INACTIVE,674.7348
2019-10-10,0.204,250220-INACTIVE,5.05308
2019-10-11,2.57314,TAZAPURO-INACTIVE,128.657
2019-10-11,85.0,TAZAPURO-INACTIVE,4250.0
2019-10-14,25.443,#070-INACTIVE,1065.80727
2019-10-14,210.0,2191-INACTIVE,43470.0
2019-10-14,20.0,I-NIBS-INACTIVE,195.0
2019-10-14,50.0,PUMPKINSEED-INACTIVE,165.0
2019-10-14,75.0,PUMPKINSEED-INACTIVE,247.5
2019-10-14,125.0,181237-INACTIVE,5988.75
2019-10-14,441.0,#070-INACTIVE,18473.49
2019-10-14,2000.0,LABEL-1PACK-ESP-INACTIVE,260.0
2019-10-14,2000.0,LABEL-2PACK-ACO-INACTIVE,260.0
2019-10-14,2000.0,LABEL-2PACK-ESP-INACTIVE,260.0
2019-10-14,2000.0,LABEL-1-PACK-ACO-INACTIVE,260.0
2019-10-15,0.0409,23450-INACTIVE,1.8302749999999999
2019-10-15,3938.6829399999997,25490-INACTIVE,354.4814646
2019-10-15,21.185,NSSU155-INACTIVE,1014.9733499999999
2019-10-15,1315.3427900000002,25488-INACTIVE,118.38085110000002
2019-10-16,21.0,PL09W-INACTIVE,7.77
2019-10-16,22.0,P009-INACTIVE,0.0
2019-10-16,0.00285,PUMPKINSEED-INACTIVE,0.009405
2019-10-16,10.969000000000001,PUMPKINSEED-INACTIVE,36.197700000000005
2019-10-16,100.0,3109-INACTIVE,11225.0
2019-10-17,107.0,BARBOX-INACTIVE,0.0
2019-10-17,1.375,6150-INACTIVE,0.0
2019-10-17,2.3040000000000003,6150-INACTIVE,0.0
2019-10-17,0.4952,6150-INACTIVE,0.0
2019-10-18,22.0,250220-INACTIVE,544.9399999999999
2019-10-18,20.0,250220-INACTIVE,495.4
2019-10-18,60.0,P009-INACTIVE,0.0
2019-10-18,55.0,PL09W-INACTIVE,20.35
2019-10-18,83.80029,181237-INACTIVE,4014.8718939
2019-10-18,360.0,23012-INACTIVE,56160.0
2019-10-18,250.0,181237-INACTIVE,11977.5
2019-10-18,11.0,250220-INACTIVE,272.46999999999997
2019-10-18,2099.71218,BARBOX-INACTIVE,0.0
2019-10-18,150.0,NSSU155-INACTIVE,7186.499999999999
2019-10-18,300.0,6150-INACTIVE,0.0
2019-10-21,29999.50588,C70G-450GGMLP-5-INACTIVE,3299.9456468000003
2019-10-21,82.5,CRYSTALS-INACTIVE,11070.675
2019-10-22,1386.24217,WT154678CF-INACTIVE,235.6611689
2019-10-23,160.0,RW5100178-INACTIVE,9120.0
2019-10-23,23.5458,RW5100178-INACTIVE,1342.1106
2019-10-24,217.36216000000002,WT154674CF-INACTIVE,36.95156720000001
2019-10-29,30.856840000000002,6150-INACTIVE,0.0
2019-10-30,7.99593,I-ORG-PNUTS-30#-INACTIVE,467.761905
2019-10-31,1.4082,6150-INACTIVE,0.0
2019-11-02,12000.0,LABEL-BAR-BOX-VP,480.0
2019-11-02,60.0,I-SORGHUM,133.20000000000002
2019-11-02,90.0,I-PECANS-ORG,562.5
2019-11-02,217.678,20144,1390.9624199999998
2019-11-02,25.0,181242,44.75
2019-11-02,1300.0,WT158153CF,156.0
2019-11-02,13.2,345037P,135.82799999999997
2019-11-02,90.7,I-PEPITAS,285.705
2019-11-02,494.0,L90D,913.9000000000001
2019-11-02,211.3,KOSH#10,1039.596
2019-11-02,400.0,WT154684CF,68.0
2019-11-02,2200.0,WT156082CF,352.0
2019-11-02,10.0,MERCH-T-SPOONS-W-XL,138.5
2019-11-02,10.0,MERCH-T-SPOONS-W-S,138.5
2019-11-02,300.0,WT154679CF,51.00000000000001
2019-11-02,9.0,MERCH-T-SPOONS-W-M,124.64999999999999
2019-11-02,10.0,MERCH-T-SPOONS-W-L,138.5
2019-11-02,10.0,MERCH-T-SPOONS-U-XL,149.5
2019-11-02,700.0,WT154680CF,119.00000000000001
2019-11-02,10.0,MERCH-T-SPOONS-U-S,149.5
2019-11-02,10.0,MERCH-T-SPOONS-U-M,149.5
2019-11-02,10.0,MERCH-T-SPOONS-U-L,149.5
2019-11-02,1070.0,LABEL-NB-LTD-CCAKE,96.3
2019-11-02,11.0,MERCH-T-PNUT-W-XL,81.28999999999999
2019-11-02,10.0,MERCH-T-PNUT-W-M,73.89999999999999
2019-11-02,3000.0,WT154682CF,360.0
2019-11-02,16.0,MERCH-T-PNUT-W-L,118.24
2019-11-02,6.0,MERCH-T-PNUT-U-XL,49.14
2019-11-02,2.0,MERCH-T-PNUT-U-M,16.38
2019-11-02,19000.0,25488,1652.9999999999998
2019-11-02,3000.0,WT154683CF,510.00000000000006
2019-11-02,40.0,MERCH-CYL-CAP,462.40000000000003
2019-11-02,1070.0,LABEL-NB-LTD-PPIE,96.3
2019-11-02,1070.0,LABEL-NB-LTD-LCASH,96.3
2019-11-02,12000.0,WT156077CF,960.0
2019-11-02,2200.0,WT156080CF,352.0
2019-11-02,1750.0,WT156081CF,280.0
2019-11-02,6.0,MERCH-T-PNUT-W-S,44.339999999999996
2019-11-02,15.0,I-ESP-TWALK,155.25
2019-11-02,1070.0,LABEL-NB-LTD-FGPNUT,96.3
2019-11-02,1200.0,WT157274CF,144.0
2019-11-02,30.0,S-7914,151.5
2019-11-02,21.14,250220,49.4676
2019-11-02,30000.0,S-13166,300.0
2019-11-02,1500.0,WT157277CF,180.0
2019-11-02,1646.56,QUINOAFLK50#B-O,3424.8448
2019-11-02,105.0,A4-15,512.4
2019-11-02,24.0,PL09W,12.0
2019-11-02,3456.0,PKG-JAR-4OZ,740.1369599999999
2019-11-02,1200.0,WT157270CF,144.0
2019-11-02,1000.0,PKG-BOX-2PK-4PK,490.0
2019-11-02,8458.0,PKG-BAR-BOX,4398.16
2019-11-02,17.0,990042,145.35000000000002
2019-11-02,11.0,S-9948,18.15
2019-11-02,50.0,P009,81.5
2019-11-02,2130.0,ORBLSP,4153.5
2019-11-02,200.0,OGFCQ-136,1144.0
2019-11-02,298.0,986,178.79999999999998
2019-11-02,315.0,966,151.2
2019-11-02,1200.0,WT157271CF,144.0
2019-11-02,120.0,93040O,780.0
2019-11-02,15.6,91040O,101.39999999999999
2019-11-02,2072.3475,870H,8082.155249999999
2019-11-02,374.78,No. 070,712.0819999999999
2019-11-02,100.0,NSSU155,19.2
2019-11-02,6410.0,ORBLSP,12499.5
2019-11-02,2100.0,WT157275CF,252.0
2019-11-02,4.2,SJD0804,9.282
2019-11-02,38.5,SJD2906,227.535
2019-11-02,2200.0,WT156083CF,352.0
2019-11-02,1675.0,WT157224CF,737.0
2019-11-02,20.0,I-ESP-GGET,173.0
2019-11-02,33.0,I-CHOC-NIBS,321.75
2019-11-02,753.0,2201,1287.6299999999999
2019-11-02,1020.0,23012,2652.0
2019-11-02,150.0,36804,100.64999999999999
2019-11-02,1.9,371012,114.15199999999999
2019-11-02,98.0,44W64L,67.61999999999999
2019-11-02,13680.0,G12-70-450ECO02-2,3693.6000000000004
2019-11-02,88.0,44W64W,132.88
2019-11-02,18000.0,G10-70-450BIGSPOON01-28,3600.0
2019-11-02,30.65,SJD1706,231.101
2019-11-02,15.0,VANPOWLB,751.5
2019-11-02,13.0,5010000VK,630.37
2019-11-02,150.0,CRNGDO12025U,397.5
2019-11-02,200.0,CHSPO12010Z,1140.0
2019-11-02,20.0,CHSPO12010Z,114.0
2019-11-02,1200.0,WT158149CF,144.0
2019-11-02,1190.0,WT158148CF,142.79999999999998
2019-11-02,1190.0,WT158147CF,142.79999999999998
2019-11-02,31.3,SJH34407,56.027
2019-11-02,1200.0,WT158150CF,144.0
2019-11-02,21.95,001A,312.568
2019-11-02,99.2,MORSEL-5KG,1126.912
2019-11-02,6400.0,WT149189CF,256.0
2019-11-02,400.0,15239,736.0
2019-11-02,700.0,12717,244.99999999999997
2019-11-02,1400.0,WT158154CF,168.0
2019-11-02,50.0,12128220,94.0
2019-11-02,2200.0,WT159029CF,264.0
2019-11-02,1777.25,1086,5598.3375
2019-11-02,2200.0,WT159030CF,264.0
2019-11-02,6.5,153311W,315.185
2019-11-02,22010.0,25492,1914.87
2019-11-02,2500.0,WT154673CF,425.00000000000006
2019-11-02,436.0,1186,305.2
2019-11-02,800.0,WT142661CF,200.0
2019-11-02,63.0,121010,46.62
2019-11-02,1500.0,WT157276CF,180.0
2019-11-02,2800.0,WT154677CF,476.00000000000006
2019-11-02,1800.0,WT154678CF,306.0
2019-11-02,29000.0,WT149184CF,1160.0
2019-11-02,7400.0,WT149183CF,296.0
2019-11-02,22010.0,25490,1914.87
2019-11-02,645.0,12116120,2483.25
2019-11-02,500.0,12116120,1925.0
2019-11-02,120.0,30073,750.0
2019-11-02,168.0,255,252.0
2019-11-02,17000.0,WT149187CF,680.0
2019-11-02,7.5,180048,104.325
2019-11-02,22000.0,25494,1913.9999999999998
2019-11-04,2200.0,WT159033CF,264.0
2019-11-04,2200.0,WT159032CF,264.0
2019-11-04,1300.0,WT158152CF,156.0
2019-11-04,1300.0,WT158151CF,156.0
2019-11-04,2100.0,WT119602CF,0.0
2019-11-04,12.0,990042,102.60000000000001
2019-11-04,2600.0,WT147099CF,338.0
2019-11-04,3700.0,WT154681CF,629.0
2019-11-04,29500.0,C70G-450GGMLP-5,3245.0
2019-11-04,1500.0,WT157272CF,180.0
2019-11-04,250.0,MKT-SIGN-BARS,0.0
2019-11-04,2900.0,WT154676CF,493.00000000000006
2019-11-04,2600.0,WT154674CF,442.00000000000006
2019-11-04,250.0,MKT-SIGN-BUTTERS,0.0
2019-11-04,910.0,LABEL-NB-LTD-CCCG,81.89999999999999
2019-11-04,19.8,345037P,203.742
2019-11-04,23.0,MKT-SIGN-LOGO-TIN,0.0
2019-11-04,1500.0,WT157273CF,180.0
2019-11-06,12.0,WT157224CF,5.28
2019-11-06,25.0,S-13166,0.25
2019-11-06,12.0,S-13166,0.12
2019-11-06,25.0,S-13166,0.25
2019-11-06,0.10618,CHSPO12010Z,0.605226
2019-11-06,1e-05,CHSPO12010Z,5.7e-05
2019-11-06,25.0,PKG-BOX-2PK-4PK,12.25
2019-11-06,12.0,PKG-BOX-2PK-4PK,5.88
2019-11-06,25.0,PKG-BOX-2PK-4PK,12.25
2019-11-06,15.0,WT157275CF,1.7999999999999998
2019-11-06,25.0,WT157270CF,3.0
2019-11-06,1980.0,WT154679CF,336.6
2019-11-06,25.0,WT158149CF,3.0
2019-11-07,150.0,181242,268.5
2019-11-07,25.0,WT158147CF,3.0
2019-11-07,75.0,WT158153CF,9.0
2019-11-07,15.0,PKG-BOX-2PK-4PK,7.35
2019-11-07,12.0,PKG-BOX-2PK-4PK,5.88
2019-11-07,6.0,PKG-BOX-2PK-4PK,2.94
2019-11-07,15.0,PKG-BOX-2PK-4PK,7.35
2019-11-07,15.0,WT157271CF,1.7999999999999998
2019-11-07,1.0,PKG-BAR-BOX,0.52
2019-11-07,1.0,PKG-BAR-BOX,0.52
2019-11-07,25.0,WT157270CF,3.0
2019-11-07,25.0,PKG-BOX-2PK-4PK,12.25
2019-11-07,25.0,PKG-BOX-2PK-4PK,12.25
2019-11-07,25.0,PKG-BOX-2PK-4PK,12.25
2019-11-07,75.0,PKG-BOX-2PK-4PK,36.75
2019-11-07,100.0,PKG-BOX-2PK-4PK,49.0
2019-11-07,25.0,PKG-BOX-2PK-4PK,12.25
2019-11-07,15.0,PKG-BOX-2PK-4PK,7.35
2019-11-07,6.0,PKG-BOX-2PK-4PK,2.94
2019-11-07,30.0,PKG-BOX-2PK-4PK,14.7
2019-11-07,6.0,PKG-BOX-2PK-4PK,2.94
2019-11-07,6.0,WT157224CF,2.64
2019-11-07,25.0,S-13166,0.25
2019-11-07,15.0,S-13166,0.15
2019-11-07,15.0,S-13166,0.15
2019-11-07,15.0,S-13166,0.15
2019-11-07,100.0,S-13166,1.0
2019-11-07,30.0,S-13166,0.3
2019-11-07,12.0,S-13166,0.12
2019-11-07,6.0,S-13166,0.06
2019-11-07,6.0,S-13166,0.06
2019-11-07,6.0,S-13166,0.06
2019-11-07,15.0,S-13166,0.15
2019-11-07,15.0,WT158154CF,1.7999999999999998
2019-11-07,25.0,S-13166,0.25
2019-11-07,30.0,WT157277CF,3.5999999999999996
2019-11-07,12.0,WT157224CF,5.28
2019-11-07,6.0,WT157224CF,2.64
2019-11-07,6.0,WT157224CF,2.64
2019-11-07,25.0,S-13166,0.25
2019-11-07,25.0,WT158149CF,3.0
2019-11-07,25.0,S-13166,0.25
2019-11-07,75.0,S-13166,0.75
2019-11-07,15.0,PKG-BOX-2PK-4PK,7.35
2019-11-07,100.0,WT157272CF,12.0
2019-11-07,2.0,LABEL-BAR-BOX-VP,0.08
2019-11-07,2.0,LABEL-BAR-BOX-VP,0.08
2019-11-07,15.0,WT157273CF,1.7999999999999998
2019-11-07,15.0,WT157275CF,1.7999999999999998
2019-11-07,25.0,WT157276CF,3.0
2019-11-07,1.0,MERCH-T-PNUT-W-M,7.39
2019-11-08,8.0,MERCH-JAM-OCT19,56.0
2019-11-08,99999.06452,S-13166,999.9906452
2019-11-08,5000.0,1086,15750.0
2019-11-08,3.0,NB-LABEL-GIFT4U,1.32
2019-11-08,1635.0,36804,1097.0849999999998
2019-11-08,250.0,NB-LABEL-GIFT4U,110.0
2019-11-08,8.0,990042,68.4
2019-11-08,125.0,NSSU155,24.0
2019-11-12,100.0,001A,1424.0
2019-11-12,36.0,MERCH-JAM-DEC19,250.56
2019-11-13,534.0,ORBLSP,1041.3
2019-11-13,15.0,181242,26.85
2019-11-13,32.75,1086,103.1625
2019-11-13,35.0,1086,110.25
2019-11-13,23.33333,30073,145.8333125
2019-11-13,16.6665,30073,104.16562499999999
2019-11-14,75.0,12128220,141.0
2019-11-14,1.0,MKT-SIGN-LOGO-TIN,0.0
2019-11-14,100.0,181242,179.0
2019-11-14,50.0,30073,312.5
2019-11-14,1.0,MKT-SIGN-BUTTERS,0.0
2019-11-14,150.0,30073,937.5
2019-11-14,11.0,250220,25.74
2019-11-14,19.84,345037P,204.15359999999998
2019-11-14,1.0,MKT-SIGN-BARS,0.0
2019-11-14,56.65408000000001,12116120,218.11820800000004
2019-11-15,240.0,I-PECANS-ORG,1500.0
2019-11-15,143.0,MERCH-JAM-BLENAPRICOT,1001.0
2019-11-15,120.0,MERCH-JAM-PEARGINGER,720.0
2019-11-15,12.0,MERCH-JAM-FIDDLEHEAD,78.0
2019-11-15,120.0,MERCH-JAM-FLAVPLUMCOT,720.0
2019-11-15,360.0,23012,936.0
2019-11-15,96.0,MERCH-JAM-OCT19,672.0
2019-11-18,5300.0,LABEL-NB-LID-LTD,1007.0
2019-11-18,1e-05,CHSPO12010Z,5.7e-05
2019-11-18,25.0,I-ESP-GGET,216.25
2019-11-18,3150.0,WT154673CF,535.5
2019-11-18,2100.0,WT154674CF,357.0
2019-11-18,2075.0,WT154681CF,352.75
2019-11-18,2100.0,WT154682CF,252.0
2019-11-18,4950.0,WT154679CF,841.5000000000001
2019-11-18,3150.0,WT154678CF,535.5
2019-11-18,3150.0,WT154680CF,535.5
2019-11-18,2624.0,WT154683CF,446.08000000000004
2019-11-18,2560.0,WT154677CF,435.20000000000005
2019-11-18,5250.0,WT154684CF,892.5000000000001
2019-11-20,1.0,MERCH-T-PNUT-U-M,8.19
2019-11-20,1.0,MERCH-T-SPOONS-U-M,14.95
2019-11-20,80.0,23012,208.0
2019-11-20,17.69044,PL09W,8.84522
2019-11-21,11.0,250220,25.74
2019-11-21,12.0,990042,102.60000000000001
2019-11-21,100.0,181242,179.0
2019-11-25,20.0,I-CHOC-NIBS,195.0
2019-11-25,20.0,VANPOWLB,1002.0
2019-11-25,50.0,NSSU155,9.6
2019-11-26,16.99,23012,44.174
2019-11-26,200.0,CRNGDO12025U,530.0
2019-11-26,2700.0,PKG-BOX-2PK-4PK,1323.0
2019-11-27,72.0,MERCH-JAM-DEC19,501.12
2019-11-27,304.8,20144,1947.672
2019-11-27,26.98315,23012,70.15619
2019-12-02,200.0,93040O,1300.0
2019-12-02,40.0,91040O,260.0
2019-12-02,199.69044,P009,325.49541719999996
2019-12-03,0.88397,181242,1.5823063000000002
2019-12-03,240.0,I-PECANS-ORG,1500.0
2019-12-03,199.0,PL09W,99.5
2019-12-03,84.0,MERCH-JAM-OCT19,588.0
2019-12-03,360.0,23012,936.0
2019-12-03,84.0,MERCH-JAM-NOV19,504.0
2019-12-03,4.94195,23012,12.849070000000001
2019-12-05,100.0,181242,179.0
2019-12-05,8.0,250220,18.72
2019-12-05,125.0,NSSU155,24.0
2019-12-05,199.78692,44W64W,301.67824920000004
2019-12-05,622.0,GRANOLA,1710.5
2019-12-05,5.0,I-ESP-GGET,43.25
2019-12-05,33.0693,345037P,340.28309699999994
2019-12-05,491.55172000000005,WT156077CF,39.32413760000001
2019-12-06,4.5397300000000005,990042,38.81469150000001
2019-12-06,8.0,990042,68.4
2019-12-06,150.0,I-PEPITAS,472.5
2019-12-06,50.0,I-PEPITAS,157.5
2019-12-06,21.0,MERCH-SILV-SPOON,153.09
2019-12-06,19.0,MERCH-JAM-FIDDLEHEAD,123.5
2019-12-09,30000.0,WT156077CF,2400.0
2019-12-09,5850.0,ORBLSP,11407.5
2019-12-11,3401.7436,25494,295.95169319999997
2019-12-11,2804.90211,25490,244.02648356999998
2019-12-11,1050.0,NB-LABEL-GIFT4U,462.0
2019-12-11,5268.43555,25488,458.35389284999997
2019-12-11,3794.375,25492,330.11062499999997
2019-12-11,11513.54182,G12-70-450ECO02-2,3108.6562914
2019-12-11,20.0,VANPOWLB,1002.0
2019-12-12,72.0,MERCH-JAM-DEC19,501.12
2019-12-13,235.0,LABEL-NB-LTD-CCCG,21.15
2019-12-13,1.16845,990042,9.9902475
2019-12-13,240.0,23012,624.0
2019-12-13,5.0,I-ESP-GGET,43.25
2019-12-13,200.0,181242,358.0
2019-12-13,7.5,250220,17.549999999999997
2019-12-16,110.0,A4-15,536.8
2019-12-16,1.0,S-13166,0.01
2019-12-16,1.0,NB-LABEL-GIFT4U,0.44
2019-12-16,412.0,121010,304.88
2019-12-16,180.0,I-PECANS-ORG,1125.0
2019-12-16,39.0,1186,27.299999999999997
2019-12-16,1.0,PKG-BOX-2PK-4PK,0.49
2019-12-16,152.0,986,91.2
2019-12-16,2000.0,1086,6300.0
2019-12-17,1.0,990042,8.55
2019-12-17,1.0036100000000001,NSSU155,0.19269312000000002
2019-12-17,58.0,MERCH-JAM-DEC19,403.68
2019-12-18,2.0,MKT-SIGN-LOGO-TIN,0.0
2019-12-19,3.0,MKT-SIGN-LOGO-TIN,0.0
2019-12-19,3.0,MKT-SIGN-BIGPRAISE,0.0
2019-12-19,3.0,MKT-SIGN-BUTTERS,0.0
2019-12-20,60.0,MERCH-JAM-JAN20,274.8
2019-12-23,33.0,345037P,339.57
2019-12-23,500.0,12116120,1925.0
2019-12-23,25.0,NSSU155,4.8
2019-12-23,75.0,NSSU155,14.4
2019-12-23,25.0,NSSU155,4.8
2019-12-30,8.0,MERCH-T-SPOONS-U-L,119.6
2019-12-30,1.0,MERCH-T-PNUT-W-S,7.39
2019-12-30,5.0,MERCH-T-PNUT-W-M,36.949999999999996
2019-12-30,10.0,MERCH-T-SPOONS-U-M,149.5
2019-12-30,28.0,WT159030CF,3.36
2019-12-30,3598.0694799999997,WT154680CF,611.6718116
2019-12-30,3.0,MERCH-SILV-SPOON,21.87
2019-12-30,132.0,PKG-JAR-4OZ,28.269119999999997
2019-12-30,132.0,PKG-BOX-2PK-4PK,64.67999999999999
2019-12-30,1200.0,MKT-STICKERS-LOGO,0.0
2019-12-30,17.70233,MORSEL-5KG,201.09846879999998
2019-12-30,780.0,WT159033CF,93.6
2019-12-30,10.0,MERCH-T-SPOONS-U-S,149.5
2019-12-30,344.0,MKT-SIGN-BUTTERS,0.0
2019-12-30,7.0,MERCH-T-SPOONS-W-L,96.95
2019-12-30,11246.0,WT149189CF,449.84000000000003
2019-12-30,5628.0,WT149187CF,225.12
2019-12-30,82.0,NB-LABEL-GIFT4U,36.08
2019-12-30,10.0,WT157273CF,1.2
2019-12-30,1.75,371012,105.14
2019-12-30,178.0,WT156081CF,28.48
2019-12-30,93.0,MKT-SIGN-BARS,0.0
2019-12-30,38.0,WT159029CF,4.56
2019-12-30,495.0,WT156077CF,39.6
2019-12-30,6.09429,CHSPO12010Z,34.737453
2019-12-30,4.0,MERCH-T-SPOONS-W-S,55.4
2019-12-30,1.0,WT158151CF,0.12
2019-12-30,4.0,MERCH-T-SPOONS-W-M,55.4
2019-12-30,197.78692,44W64L,136.4729748
2019-12-30,2869.0099,G10-70-450BIGSPOON01-28,573.8019800000001
2019-12-30,12.0,5010000VK,581.88
2019-12-30,1658.14581,WT154684CF,281.8847877
2019-12-30,13.080680000000001,CRNGDO12025U,34.663802000000004
2019-12-30,9.0,MKT-SIGN-LOGO-FOAM,0.0
2019-12-30,3.0,S-7914,15.149999999999999
2019-12-30,2532.0,MKT-SIGN-ABOUTUS,0.0
2019-12-30,6.5,153311W,315.185
2019-12-30,225.0,WT158153CF,27.0
2019-12-30,6.0,MERCH-CYL-CAP,69.36
2019-12-30,235.0,LABEL-NB-LTD-CCAKE,21.15
2019-12-30,25.0,WT157270CF,3.0
2019-12-30,6.0,P009,9.78
2019-12-30,9859.0,WT149183CF,394.36
2019-12-30,621.0,15239,1142.64
2019-12-30,235.0,LABEL-NB-LTD-FGPNUT,21.15
2019-12-30,235.0,LABEL-NB-LTD-LCASH,21.15
2019-12-30,150.0,LABEL-NB-LTD-PEP,13.5
2019-12-30,235.0,LABEL-NB-LTD-PPIE,21.15
2019-12-30,4057.0,WT149184CF,162.28
2019-12-30,2.5,180048,34.775
2019-12-30,30.0,WT157271CF,3.5999999999999996
2019-12-30,1.0,Sq100,292.0
2019-12-30,75.0,666,67.5
2019-12-30,1.0,74045,55.11
2019-12-30,15.990829999999999,A4-15,78.0352504
2019-12-30,1139.9993,PKG-BAR-BOX,592.799636
2019-12-30,88.755,1086,279.57824999999997
2019-12-31,8.87461,No. 070,16.861759
2019-12-31,50.9266,345037P,524.034714
2019-12-31,60.0,I-SORGHUM,133.20000000000002
2019-12-31,98.81234,KOSH#10,486.15671280000004
2019-12-31,0.54,A4-15,2.6352
2019-12-31,1.0,250220,2.34
2019-12-31,0.06,I-ESP-TWALK,0.621
2019-12-31,1550.0,WT148393CF,139.5
2019-12-31,36.9,I-PEPITAS,116.23499999999999
2019-12-31,0.45,I-CHOC-NIBS,4.3875
2019-12-31,1550.0,WT148394CF,139.5
2019-12-31,7.0,VANPOWLB,350.7
2019-12-31,500.0,WT148401CF,45.0
2019-12-31,1.72,91040O,11.18
2019-12-31,440.42187,870H,1717.645293
2019-12-31,5850.0,WT148383CF,526.5
2019-12-31,30.780690000000003,SJH34407,55.097435100000006
2019-12-31,0.01,MORSEL-5KG,0.11359999999999999
2019-12-31,1.34,990042,11.457000000000003
2019-12-31,23.75,NSSU155,4.5600000000000005
2019-12-31,20.0,SJD2906,118.2
2019-12-31,12.1,SJD2906,71.511
2019-12-31,12.0,990042,102.60000000000001
2019-12-31,4.0,12128220,7.52
2019-12-31,0.3,SJD1706,2.262
2019-12-31,50.0,NSSU155,9.6
2019-12-31,41.79257,OGFCQ-136,239.0535004
2019-12-31,25.0,101006,25.0
2019-12-31,2200.0,26494,191.39999999999998
2019-12-31,1840.0,WT137957CF,220.79999999999998
2020-01-02,8.0,2123,135.92
2020-01-03,120.0,I-PECANS-ORG,750.0
2020-01-06,26.4,345037P,271.65599999999995
2020-01-06,10.57,250220,24.7338
2020-01-07,122.0,23012,317.2
2020-01-07,7.915,23012,20.579
2020-01-07,100.0,001A,1424.0
2020-01-07,60.0,I-PECANS-ORG,375.0
2020-01-08,5.0,G12-70-450ECO02-2,1.35
2020-01-08,5.0,WT154681CF,0.8500000000000001
2020-01-09,360.0,23012,936.0
2020-01-09,448.0,255,672.0
2020-01-09,27.74715,23012,72.14259000000001
2020-01-09,11520.0,G12-70-450ECO02-2,3110.4
2020-01-09,392.0,C70G-450GGMLP-5,43.12
2020-01-10,934.0,S-13166,9.34
2020-01-10,132.0,S-13166,1.32
2020-01-10,132.0,G12-70-450ECO02-2,35.64
2020-01-10,132.0,WT154680CF,22.44
2020-01-10,934.0,WT156077CF,74.72
2020-01-10,934.0,G12-70-450ECO02-2,252.18
2020-01-10,132.0,WT156077CF,10.56
2020-01-10,934.0,WT154679CF,158.78
2020-01-10,132.0,C70G-450GGMLP-5,14.52
2020-01-10,934.0,C70G-450GGMLP-5,102.74
2020-01-13,37.37035,23012,97.16291000000001
2020-01-13,500.0,12116120,1925.0
2020-01-13,1.02515,L90D,1.8965275000000001
2020-01-13,500.0,OGFCQ-136,2860.0
2020-01-13,100.0,S-13609,71.0
2020-01-13,5000.0,1086,15750.0
2020-01-13,3.9575,23012,10.2895
2020-01-13,60.0,MERCH-JAM-JAN20,274.8
2020-01-13,1.94,255,2.91
2020-01-13,75.0,12128220,141.0
2020-01-14,2.44716,KOSH#10,12.040027199999999
2020-01-14,11.22,I-PEPITAS,35.343
2020-01-14,0.6217199999999999,VANPOWLB,31.148172
2020-01-14,10.56,181242,18.9024
2020-01-14,19.8,GRANOLA,54.45
2020-01-14,21.84,870H,85.176
2020-01-14,3840.0,PKG-JAR-4OZ,822.3743999999999
2020-01-14,10.56,OGFCQ-136,60.4032
2020-01-14,19.8,QUINOAFLK50#B-O,41.184000000000005
2020-01-14,23000.0,C70G-450GGMLP-5,2530.0
2020-01-14,240.0,I-PECANS-ORG,1500.0
2020-01-14,24.74,23012,64.324
2020-01-15,2500.0,WT156080CF,400.0
2020-01-15,50.0,181242,89.5
2020-01-15,120.0,CHSPO12010Z,684.0
2020-01-15,60.0,MERCH-JAM-FEB20,499.8
2020-01-15,32.0,990042,273.6
2020-01-15,26.4,345037P,271.65599999999995
2020-01-15,14.9327,L90D,27.625495
2020-01-15,2500.0,WT156082CF,400.0
2020-01-15,2500.0,WT156081CF,400.0
2020-01-15,2500.0,WT156083CF,400.0
2020-01-16,1362.75,25494,118.55924999999999
2020-01-16,2478.75,25490,215.65124999999998
2020-01-16,1450.0,QUINOAFLK50#B-O,3016.0
2020-01-16,103.75,25490,9.02625
2020-01-16,1.2,126382,1867.8959999999997
2020-01-16,617.0,L90D,1141.45
2020-01-16,2115.0,25488,184.005
2020-01-16,72.48168000000001,L90D,134.09110800000002
2020-01-16,1.0,031026,38.89
2020-01-16,6845.75,25492,595.58025
2020-01-17,10.989,QUINOAFLK50#B-O,22.857120000000002
2020-01-18,1.0,0560,0.0
2020-01-20,150.0,986,90.0
2020-01-20,550.0,2201,940.5
2020-01-20,41.0,966,19.68
2020-01-20,1626.0,36804,1091.0459999999998
2020-01-21,58.0,I-PECANS-ORG,362.5
2020-01-21,1.0,MERCH-JAM-DEC19,6.96
2020-01-21,24.14075,23012,62.765950000000004
2020-01-22,304.8,20144,1947.672
2020-01-22,165.0,A4-15,805.1999999999999
2020-01-22,200.0,S-15895,204.0
2020-01-22,50.0,39876,18.0
2020-01-22,5.0,I-CHOC-NIBS,48.75
2020-01-22,15.0,I-CHOC-NIBS,146.25
2020-01-22,20.0,I-ESP-GGET,173.0
2020-01-23,459.0,966,220.32
2020-01-23,350.0,986,210.0
2020-01-23,7.0,OGFCQ-136,40.04
2020-01-23,7.0,MERCH-JAM-JAN20,32.06
2020-01-23,1.0,S-9948,1.65
2020-01-23,10.68,QUINOAFLK50#B-O,22.2144
2020-01-24,100.0,181242,179.0
2020-01-24,11.0,250220,25.74
2020-01-24,360.0,23012,936.0
2020-01-24,9.0,1309922,0.0
2020-01-24,13.2277,345037P,136.113033
2020-01-28,36.0,MERCH-JAM-JAN20,164.88
2020-01-28,2.0,005836,125.18
2020-01-28,5850.0,RPS,6142.5
2020-01-29,1.375,23012,3.575
2020-01-30,24.0,MERCH-JAM-JAN20,109.92
2020-01-31,200.0,I-PEPITAS,630.0
2020-01-31,300.0,I-PECANS-ORG,1875.0
2020-01-31,4000.0,1086,12600.0
2020-01-31,25.0,S-9948,41.25
2020-02-03,59.52,345037P,612.4608
2020-02-03,30000.0,C70G-450GGMLP-5,3300.0
2020-02-03,33.06,345037P,340.18739999999997
2020-02-03,200.0,181242,358.0
2020-02-03,250.0,NSSU155,48.0
2020-02-04,27500.0,25488,2392.5
2020-02-04,6600.0,25492,574.1999999999999
2020-02-04,54.0,MERCH-JAM-FEB20,449.82
2020-02-04,19800.0,25490,1722.6
2020-02-04,1.0,MKT-SIGN-BIGPRAISE,0.0
2020-02-04,50.0,12128220,94.0
2020-02-04,6600.0,25494,574.1999999999999
2020-02-05,10.0,180048,139.1
2020-02-05,1000.0,12116120,3850.0
2020-02-05,23040.0,G12-70-450ECO02-2,6220.8
2020-02-06,25.0,12128220,47.0
2020-02-08,500.0,1186,350.0
2020-02-10,200.0,KOSH#10,984.0
2020-02-10,100.0,KOSH#10,492.0
2020-02-10,50.0,KOSH#10,246.0
2020-02-10,50.0,KOSH#10,246.0
2020-02-10,50.0,KOSH#10,246.0
2020-02-10,50.0,KOSH#10,246.0
2020-02-11,3000.0,WT156086CF,480.0
2020-02-11,3000.0,WT156085CF,480.0
2020-02-11,3000.0,WT156084CF,480.0
2020-02-11,10822.0,25490,941.5139999999999
2020-02-11,1000.0,WT156081CF,160.0
2020-02-11,6000.0,WT154681CF,1020.0000000000001
2020-02-11,14664.0,25492,1275.7679999999998
2020-02-11,201.38125,25494,17.52016875
2020-02-11,20861.0,25494,1814.907
2020-02-11,5800.0,WT154678CF,986.0000000000001
2020-02-11,20935.0,25488,1821.3449999999998
2020-02-11,480.0,23012,1248.0
2020-02-11,4800.0,WT154677CF,816.0000000000001
2020-02-13,473.0,WT154674CF,80.41000000000001
2020-02-13,2310.0,WT154673CF,392.70000000000005
2020-02-13,788.0,WT154684CF,133.96
2020-02-13,4800.0,WT154677CF,816.0000000000001
2020-02-13,3884.0,WT154683CF,660.2800000000001
2020-02-13,5450.0,WT154678CF,926.5000000000001
2020-02-13,4922.0,WT161820CF,836.74
2020-02-13,6000.0,WT154681CF,1020.0000000000001
2020-02-13,1366.0,WT154679CF,232.22000000000003
2020-02-17,1.76,93040O,11.44
2020-02-17,1.0,2123,16.99
2020-02-17,240.0,93040O,1560.0
2020-02-17,5000.0,WT161823CF,950.0
2020-02-17,33.78,CRNGDO12025U,89.517
2020-02-17,0.29829,I-CHOC-NIBS,2.9083275
2020-02-17,17.98,I-PEPITAS,56.637
2020-02-17,5.3,345037P,54.53699999999999
2020-02-17,0.05,30073,0.3125
2020-02-17,4.4452,255,6.6678
2020-02-17,11.56338,L90D,21.392253
2020-02-17,0.03895,250220,0.09114299999999999
2020-02-17,7.701010000000001,870H,30.033939000000004
2020-02-17,2.0,MERCH-JAM-FEB20,16.66
2020-02-17,1.0,MERCH-JAM-JAN20,4.58
2020-02-17,0.24616,MORSEL-5KG,2.7963775999999996
2020-02-17,83.0,MERCH-JAM-FEB20,691.39
2020-02-17,1.69,12128220,3.1771999999999996
2020-02-17,39.46,12116120,151.92100000000002
2020-02-17,3.3875300000000004,No. 070,6.436307
2020-02-17,8790.0,ORBLSP,17140.5
2020-02-17,567.8,QUINOAFLK50#B-O,1181.024
2020-02-17,3.364,1086,10.596599999999999
2020-02-17,3.11795,001A,44.399608
2020-02-17,0.74411,SJD1706,5.6105894
2020-02-17,149.73,001A,2132.1551999999997
2020-02-17,1.6806900000000002,SJH34407,3.0084351000000007
2020-02-17,1.8070099999999998,NSSU155,0.34694591999999996
2020-02-17,12.6472,181242,22.638488
2020-02-17,5.36,20144,34.2504
2020-02-18,5.0,I-ESP-TWALK,51.75
2020-02-18,50.0,I-ESP-GGET,432.5
2020-02-19,20.0,CHSPO12010Z,114.0
2020-02-19,6030.0,ORBLSP,11758.5
2020-02-19,6000.0,1086,18900.0
2020-02-19,19.8,345037P,203.742
2020-02-20,480.0,23012,1248.0
2020-02-20,1575.0,WT157431CF,693.0
2020-02-24,303.0,PKG-BAR-BOX,157.56
2020-02-24,4.0,PKG-BOX-2PK-4PK,1.96
2020-02-24,1.0,MERCH-JAM-FEB20,8.33
2020-02-24,4.0,NB-LABEL-GIFT4U,1.76
2020-02-25,23.5,I-CHOC-NIBS,229.125
2020-02-25,3.26288,KOSH#10,16.0533696
2020-02-25,300.0,CHSPO12010Z,1710.0
2020-02-25,630.1,GRANOLA,1732.775
2020-02-25,100000.0,S-13166,1000.0
2020-02-25,7200.0,PKG-BAR-BOX,3744.0
2020-02-27,203.0,MERCH-JAM-MAR20,1471.75
2020-02-27,132.27,MORSEL-5KG,1502.5872
2020-02-27,150.0,S-15895,153.0
2020-02-27,225.0,PL09W,112.5
2020-02-28,5.0,C70G-450GGMLP-5,0.55
2020-02-28,5.0,G12-70-450ECO02-2,1.35
2020-02-28,5.0,S-13166,0.05
2020-02-28,5.0,WT154681CF,0.8500000000000001
2020-03-02,21.91,990042,187.33050000000003
2020-03-02,16.66,RPS,17.493000000000002
2020-03-03,4.40115,23012,11.442990000000002
2020-03-03,2500.0,PKG-BOX-2PK-4PK,1225.0
2020-03-04,2.42,23012,6.292
2020-03-05,1.0,MKT-SIGN-BIGPRAISE,0.0
2020-03-06,48.0,WT156077CF,3.84
2020-03-06,4.0,WT156077CF,0.32
2020-03-09,75.0,SJH34407,134.25
2020-03-09,26884.0,WT156077CF,2150.7200000000003
2020-03-09,441.0,No. 070,837.9
2020-03-09,1455.0,WT154682CF,174.6
2020-03-09,20.0,VANPOWLB,1002.0
2020-03-09,9.94,KOSH#10,48.904799999999994
2020-03-09,0.73617,I-CHOC-NIBS,7.1776575
2020-03-09,480.0,23012,1248.0
2020-03-10,600.0,I-PECANS-ORG,3750.0
2020-03-11,90.0,36285,371.7
2020-03-12,31.5,990042,269.32500000000005
2020-03-12,200.0,P009,326.0
2020-03-12,110.0,CHSPO12010Z,627.0
2020-03-12,90.0,CHSPO12010Z,513.0
2020-03-12,200.0,CRNGDO12025U,530.0
2020-03-12,55016.0,25490,4786.392
2020-03-13,0.55116,990042,4.712418
2020-03-15,1435.0,39876,516.6
2020-03-16,39.6,345037P,407.484
2020-03-16,46.2,345037P,475.39799999999997
2020-03-16,6.6,345037P,67.91399999999999
2020-03-16,200.0,181242,358.0
2020-03-17,200.0,S-15895,204.0
2020-03-17,204.0,MERCH-JAM-APRIL20,918.0
2020-03-17,950.0,12116120,3657.5
2020-03-17,75.0,12128220,141.0
2020-03-18,480.0,23012,1248.0
2020-03-18,9.9977,23012,25.994020000000003
2020-03-18,6000.0,1086,18900.0
2020-03-18,50.0,12128220,94.0
2020-03-18,19.25,I-CHOC-NIBS,187.6875
2020-03-19,1.1024,KOSH#10,5.423808
2020-03-19,1.09128,KOSH#10,5.3690976
2020-03-19,0.62566,990042,5.349393
2020-03-20,1371.6,20144,8764.524
2020-03-24,16.8258,WT154676CF,2.8603860000000005
2020-03-24,10.0,23012,26.0
2020-03-24,427.6424,WT154679CF,72.69920800000001
2020-03-24,1.0,MERCH-JAM-MAR20,7.25
2020-03-24,38.3164,WT154682CF,4.597968
2020-03-24,586.0,WT156077CF,46.88
2020-03-24,63.0,WT147099CF,8.19
2020-03-24,101.0,WT154680CF,17.17
2020-03-26,11520.0,G12-70-450ECO02-2,3110.4
2020-03-26,3336.0,PKG-JAR-4OZ,714.4377599999999
2020-03-26,7800.0,RPS,8190.0
2020-03-26,735.0,39877,402.045
2020-03-30,1.0,SJH6000,5.43
2020-03-31,500.0,OGFCQ-136,2860.0
2020-03-31,617.0,L90D,1141.45
2020-03-31,1.91875,A4-15,9.3635
2020-03-31,1.0,A4-15,4.88
2020-04-02,275.0,A4-15,1342.0
2020-04-02,8.6,S1608-G,0.0
2020-04-02,500.0,S-13609,355.0
2020-04-02,0.6832600000000001,NSSU155,0.13118592
2020-04-02,240.0,23012,624.0
2020-04-02,3262.85,870H,12725.115
2020-04-02,17.9652,WT154674CF,3.054084
